Station Name, NOW, 2hr, 3hr, 4hr, 5hr, 6hr, 7hr, 8hr, 9hr, 10hr, 11hr, 12hr, 13hr, 14hr, 15hr, 16hr, 17hr, 18hr, 19hr, 20hr, 21hr, 22hr, 23hr
Dalmore Prime,0.17066700460440165,0.9275968402821786,0.1438009546741016,0.14489080386938716,0.19963671693490442,0.08433236176234556,0.2006589785831969,0.2957884509779081,0.11433278418451358,0.22119714442614066,0.05489798504625517,0.4104760697841425,0.0,1.0,0.18629662484687182,0.3711147721032407,0.2026781565496558,0.23586364212393907,0.204080598149791,0.15344907700756147,0.38268913952604255,0.2638110928061508,0.39940016052042443
Dalmore Rapid Run No 01,0.18497109826589625,1.0,0.08039936941670983,0.2806095638465577,0.5023646873357875,0.055701523909615434,0.23962165002627234,0.1014188124014703,0.0562270099842351,0.0546505517603761,0.016290068313189084,0.0,0.011035207566998034,0.4414083026799792,0.03258013662637817,0.04046242774566568,0.17130846032579802,0.030478192327899507,0.0036784025223320555,0.08512874408828308,0.02522333158171219,0.13137151865475388,0.2905937992643183
DunedinAurora.NZ,0.07382550335569323,0.004474272930665338,0.013422818791914629,0.015659955257369376,0.0,0.011185682326541265,0.06935123042502789,0.07158836689031986,0.5234899328859727,0.060402684563859985,0.03131991051457598,0.05592841163319465,1.0,1.0,0.0536912751677399,0.1901565995525851,0.302013422818893,0.2706935123042356,0.09843400447423051,0.24832214765099034,0.8501118568233216,0.7203579418345151,0.48322147651006603
GOES-13 Satellite,1.0,0,0,0,0,0,0,0,0,0,0,0,0,0,0,0,0,0,0,0,0,0,0
