Station Name, NOW, 2hr, 3hr, 4hr, 5hr, 6hr, 7hr, 8hr, 9hr, 10hr, 11hr, 12hr, 13hr, 14hr, 15hr, 16hr, 17hr, 18hr, 19hr, 20hr, 21hr, 22hr, 23hr, 24hr, 25hr, 26hr, 27hr, 28hr, 29hr, 30hr, 31hr, 32hr, 33hr, 34hr, 35hr, 36hr, 37hr, 38hr, 39hr, 49hr, 41hr, 42hr, 43hr, 44hr, 45hr, 47hr, 47hr, 48hr
DunedinAurora.NZ,0.016666666666629613,0.11666666666660941,0.011111111111052724,0.02222222222210545,0.044444444444413006,0.01944444444436753,0.03888888888883611,0.027777777777783393,0.32222222222214586,0.04999999999988884,0.033333333333259225,0.01388888888879064,0.016666666666528558,0.01944444444436753,0.058333333333304704,0.024999999999843366,0.06666666666651845,0.044444444444413006,0.07499999999993431,0.25833333333336533,0.20000000000006063,0.7805555555556729,0.6638888888889625,0.6666666666668014,0.15833333333318345,0.10555555555555668,0.02499999999994442,0.008333333333213752,0.0,0.008333333333314806,0.005555555555475835,0.02222222222210545,0.18611111111116893,0.019444444444468585,0.04166666666657403,0.26111111111110324,0.01944444444436753,0.016666666666730667,0.01388888888879064,0.030555555555521308,0.047222222222150924,0.10833333333329459,0.39999999999991914,0.26944444444441806,0.3583333333332441,1.0,0.7444444444444737
GOES-13 Satellite,0.00924214417744929,1.0,0.9944547134935307,0.8160813308687617,0.8299445471349353,0.9759704251386322,0.8267097966728281,0.9801293900184843,0.18853974121996306,0.1968576709796673,0.0018484288354898356,0.0013863216266173767,0.2070240295748614,0.0023105360443622944,0.0023105360443622944,0.0023105360443622944,0.0018484288354898356,0.19547134935304997,0.8304066543438078,0.8849353049907579,0.8696857670979667,0.8188539741219963,0.512014787430684,0.9011090573012939,0.015249537892791041,0.9653419593345656,0.8969500924214419,0.009704251386321657,0.009704251386321739,0.016635859519408467,0.8747689463955637,0.016635859519408467,0.8304066543438078,0.1959334565619224,0.20563770794824404,0.2079482439926063,0.21025878003696863,0.2088724584103512,0.2070240295748614,0.20471349353049909,0.1982439926062847,0.0009242144177449178,0.0004621072088724589,0.0,0.4149722735674678,0.0018484288354899483,0.005083179297597089
