Station Name, NOW, 2hr, 3hr, 4hr, 5hr, 6hr, 7hr, 8hr, 9hr, 10hr, 11hr, 12hr, 13hr, 14hr, 15hr, 16hr, 17hr, 18hr, 19hr, 20hr, 21hr, 22hr, 23hr
DunedinAurora.NZ,2.7986006996458115,7.3963018490769175,8.795602198896187,14.79260369813929,12.593703148431606,53.37331334332252,64.76761619189969,44.77761119440571,2.798600699653084,4.797601199403209,3.5982008995487704,3.3983008495693947,3.5982008995487704,22.98850574712644,16.591704147924585,5.197401299354689,4.797601199403209,2.99850074963246,23.9880059970015,18.390804597709877,13.193403298347917,9.395302348827043,2.5987006496809806
